type	identifier	e0	e1	e2	e3	e4	e5	e6	e7	e8	e9	e10	e11	e12	e13	e14	e15	e16	e17	e18	e19	e20	b0	b1	b2	b3	b4	b5	b6	b7	b8	b9	b10	b11	b12	b13
-1	none	3500	3500	3500	3500	3500	3500	3500	3500	3500	3500	3500	3500	3500	3500	3500	0	0	0	0	0	0	0	0	0	0	0	0	0	0	0	0	0	0	0	0
2	medkit0	1000	1000	1000	1000	1000	0	0	0	0	0	0	0	0	0	0	0	0	0	0	0	0	0	0	0	0	0	0	0	0	0	0	0	0	0	0
2	medkit1	0	0	0	0	0	1000	1000	0	0	0	0	0	0	0	0	0	0	0	0	0	0	0	0	0	0	0	0	0	0	0	0	0	0	0	0
2	medkit2	0	0	0	0	0	0	0	1000	500	0	0	0	0	0	0	0	0	0	0	0	0	0	0	0	0	0	0	0	0	0	0	0	0	0	0
2	medkit3	0	0	0	0	0	0	0	0	500	1000	500	0	0	0	0	0	0	0	0	0	0	0	0	0	0	0	0	0	0	0	0	0	0	0	0
2	medkit4	0	0	0	0	0	0	0	0	0	0	500	1000	1000	1000	1000	0	0	0	0	0	0	0	0	0	0	0	0	0	0	0	0	0	0	0	0
3	9mm	272	272	272	272	272	272	272	272	218	218	218	218	218	218	218	0	0	0	0	0	0	0	0	0	0	0	0	0	0	0	0	0	0	0	0
3	357m	0	0	0	0	0	0	0	0	0	0	0	0	0	0	0	0	0	0	0	0	0	0	0	0	0	0	0	0	0	0	0	0	0	0	0
3	556mm	136	136	136	136	136	136	136	136	109	109	109	109	109	109	109	0	0	0	0	0	0	0	0	0	0	0	0	0	0	0	0	0	0	0	0
3	762mm	68	68	68	68	68	68	68	68	54	54	54	54	54	54	54	0	0	0	0	0	0	0	0	0	0	0	0	0	0	0	0	0	0	0	0
3	shells	272	272	272	272	272	272	272	272	218	218	218	218	218	218	218	0	0	0	0	0	0	0	0	0	0	0	0	0	0	0	0	0	0	0	0
3	rockets	0	0	0	0	0	0	0	0	0	0	0	0	0	0	0	0	0	0	0	0	0	0	0	0	0	0	0	0	0	0	0	0	0	0	0
3	power	0	0	0	0	0	0	0	0	0	0	0	0	0	0	0	0	0	0	0	0	0	0	0	0	0	0	0	0	0	0	0	0	0	0	0
3	plasma	0	0	0	0	0	0	0	0	0	0	0	0	0	0	0	0	0	0	0	0	0	0	0	0	0	0	0	0	0	0	0	0	0	0	0
3	psi	0	0	0	0	0	0	0	0	54	54	54	54	54	54	54	0	0	0	0	0	0	0	0	0	0	0	0	0	0	0	0	0	0	0	0
4	basic_clip0	0	0	36	18	7	0	0	0	0	0	0	0	0	0	0	0	0	0	0	0	0	36	18	7	0	0	0	0	0	0	0	0	0	0	0
4	basic_clip1	0	0	0	18	14	7	0	0	0	0	0	0	0	0	0	0	0	0	0	0	0	0	18	14	7	0	0	0	0	0	0	0	0	0	0
4	basic_clip2	0	0	0	0	14	14	7	0	0	0	0	0	0	0	0	0	0	0	0	0	0	0	0	14	14	7	0	0	0	0	0	0	0	0	0
4	basic_clip3	0	0	0	0	0	14	14	5	0	0	0	0	0	0	0	0	0	0	0	0	0	0	0	0	14	14	5	0	0	0	0	0	0	0	0
4	basic_clip4	0	0	0	0	0	0	14	10	7	0	0	0	0	0	0	0	0	0	0	0	0	0	0	0	0	14	10	7	0	0	0	0	0	0	0
4	basic_damage0	0	0	36	18	7	0	0	0	0	0	0	0	0	0	0	0	0	0	0	0	0	36	18	7	0	0	0	0	0	0	0	0	0	0	0
4	basic_damage1	0	0	0	18	14	7	0	0	0	0	0	0	0	0	0	0	0	0	0	0	0	0	18	14	7	0	0	0	0	0	0	0	0	0	0
4	basic_damage2	0	0	0	0	14	14	7	0	0	0	0	0	0	0	0	0	0	0	0	0	0	0	0	14	14	7	0	0	0	0	0	0	0	0	0
4	basic_damage3	0	0	0	0	0	14	14	5	0	0	0	0	0	0	0	0	0	0	0	0	0	0	0	0	14	14	5	0	0	0	0	0	0	0	0
4	basic_damage4	0	0	0	0	0	0	14	10	7	0	0	0	0	0	0	0	0	0	0	0	0	0	0	0	0	14	10	7	0	0	0	0	0	0	0
4	basic_accuracy0	0	0	36	18	7	0	0	0	0	0	0	0	0	0	0	0	0	0	0	0	0	36	18	7	0	0	0	0	0	0	0	0	0	0	0
4	basic_accuracy1	0	0	0	18	14	7	0	0	0	0	0	0	0	0	0	0	0	0	0	0	0	0	18	14	7	0	0	0	0	0	0	0	0	0	0
4	basic_accuracy2	0	0	0	0	14	14	7	0	0	0	0	0	0	0	0	0	0	0	0	0	0	0	0	14	14	7	0	0	0	0	0	0	0	0	0
4	basic_accuracy3	0	0	0	0	0	14	14	5	0	0	0	0	0	0	0	0	0	0	0	0	0	0	0	0	14	14	5	0	0	0	0	0	0	0	0
4	basic_accuracy4	0	0	0	0	0	0	14	10	7	0	0	0	0	0	0	0	0	0	0	0	0	0	0	0	0	14	10	7	0	0	0	0	0	0	0
4	basic_speed0	0	0	36	18	7	0	0	0	0	0	0	0	0	0	0	0	0	0	0	0	0	36	18	7	0	0	0	0	0	0	0	0	0	0	0
4	basic_speed1	0	0	0	18	14	7	0	0	0	0	0	0	0	0	0	0	0	0	0	0	0	0	18	14	7	0	0	0	0	0	0	0	0	0	0
4	basic_speed2	0	0	0	0	14	14	7	0	0	0	0	0	0	0	0	0	0	0	0	0	0	0	0	14	14	7	0	0	0	0	0	0	0	0	0
4	basic_speed3	0	0	0	0	0	14	14	5	0	0	0	0	0	0	0	0	0	0	0	0	0	0	0	0	14	14	5	0	0	0	0	0	0	0	0
4	basic_speed4	0	0	0	0	0	0	14	10	7	0	0	0	0	0	0	0	0	0	0	0	0	0	0	0	0	14	10	7	0	0	0	0	0	0	0
4	basic_reload0	0	0	36	18	7	0	0	0	0	0	0	0	0	0	0	0	0	0	0	0	0	36	18	7	0	0	0	0	0	0	0	0	0	0	0
4	basic_reload1	0	0	0	18	14	7	0	0	0	0	0	0	0	0	0	0	0	0	0	0	0	0	18	14	7	0	0	0	0	0	0	0	0	0	0
4	basic_reload2	0	0	0	0	14	14	7	0	0	0	0	0	0	0	0	0	0	0	0	0	0	0	0	14	14	7	0	0	0	0	0	0	0	0	0
4	basic_reload3	0	0	0	0	0	14	14	5	0	0	0	0	0	0	0	0	0	0	0	0	0	0	0	0	14	14	5	0	0	0	0	0	0	0	0
4	basic_reload4	0	0	0	0	0	0	14	10	7	0	0	0	0	0	0	0	0	0	0	0	0	0	0	0	0	14	10	7	0	0	0	0	0	0	0
4	basic_bullet0	0	0	0	0	0	0	0	0	0	0	0	0	0	0	0	0	0	0	0	0	0	0	0	15	15	15	30	50	50	50	50	50	0	0	0
4	basic_bullet1	0	0	0	0	0	0	0	0	0	0	0	0	0	0	0	0	0	0	0	0	0	0	0	0	0	0	0	0	0	0	0	0	60	0	50
4	basic_bullet2	0	0	0	0	0	0	0	0	0	0	0	0	0	0	0	0	0	0	0	0	0	0	0	0	0	0	0	0	0	0	0	0	0	0	75
4	melee_clip0	0	0	0	0	0	0	0	0	0	0	0	0	0	0	0	0	0	0	0	0	0	0	0	0	0	0	0	0	0	0	0	0	0	0	0
4	melee_clip1	0	0	0	0	0	0	0	0	0	0	0	0	0	0	0	0	0	0	0	0	0	0	0	0	0	0	0	0	0	0	0	0	0	0	0
4	melee_clip2	0	0	0	0	0	0	0	0	0	0	0	0	0	0	0	0	0	0	0	0	0	0	0	0	0	0	0	0	0	0	0	0	0	0	0
4	melee_clip3	0	0	0	0	0	0	0	0	0	0	0	0	0	0	0	0	0	0	0	0	0	0	0	0	0	0	0	0	0	0	0	0	0	0	0
4	melee_clip4	0	0	0	0	0	0	0	0	0	0	0	0	0	0	0	0	0	0	0	0	0	0	0	0	0	0	0	0	0	0	0	0	0	0	0
4	melee_clip5	0	0	0	0	0	0	0	0	0	0	0	0	0	0	0	0	0	0	0	0	0	0	0	0	0	0	0	0	0	0	0	0	0	0	0
4	pistol_clip0	0	0	0	0	0	0	0	10	14	7	0	0	0	0	0	0	0	0	0	0	0	0	0	0	0	0	10	14	7	0	0	0	0	0	0
4	pistol_clip1	0	0	0	0	0	0	0	10	14	14	7	0	0	0	0	0	0	0	0	0	0	0	0	0	0	0	10	14	14	7	0	0	0	0	0
4	pistol_clip2	0	0	0	0	0	0	0	0	0	14	14	7	0	0	0	0	0	0	0	0	0	0	0	0	0	0	0	0	14	14	7	7	0	0	0
4	pistol_clip3	0	0	0	0	0	0	0	0	0	0	14	14	9	0	0	0	0	0	0	0	0	0	0	0	0	0	0	0	0	14	14	14	9	0	0
4	pistol_clip4	0	0	0	0	0	0	0	0	0	0	0	14	18	18	0	0	0	0	0	0	0	0	0	0	0	0	0	0	0	0	14	14	18	0	0
4	pistol_clip5	0	0	0	0	0	0	0	0	0	0	0	0	9	18	36	0	0	0	0	0	0	0	0	0	0	0	0	0	0	0	0	0	9	36	36
4	shotgun_clip0	0	0	0	0	0	0	0	10	14	7	0	0	0	0	0	0	0	0	0	0	0	0	0	0	0	0	10	14	7	0	0	0	0	0	0
4	shotgun_clip1	0	0	0	0	0	0	0	10	14	14	7	0	0	0	0	0	0	0	0	0	0	0	0	0	0	0	10	14	14	7	0	0	0	0	0
4	shotgun_clip2	0	0	0	0	0	0	0	0	0	14	14	7	0	0	0	0	0	0	0	0	0	0	0	0	0	0	0	0	14	14	7	7	0	0	0
4	shotgun_clip3	0	0	0	0	0	0	0	0	0	0	14	14	9	0	0	0	0	0	0	0	0	0	0	0	0	0	0	0	0	14	14	14	9	0	0
4	shotgun_clip4	0	0	0	0	0	0	0	0	0	0	0	14	18	18	0	0	0	0	0	0	0	0	0	0	0	0	0	0	0	0	14	14	18	0	0
4	shotgun_clip5	0	0	0	0	0	0	0	0	0	0	0	0	9	18	36	0	0	0	0	0	0	0	0	0	0	0	0	0	0	0	0	0	9	36	36
4	rifle_clip0	0	0	0	0	0	0	0	10	14	7	0	0	0	0	0	0	0	0	0	0	0	0	0	0	0	0	10	14	7	0	0	0	0	0	0
4	rifle_clip1	0	0	0	0	0	0	0	10	14	14	7	0	0	0	0	0	0	0	0	0	0	0	0	0	0	0	10	14	14	7	0	0	0	0	0
4	rifle_clip2	0	0	0	0	0	0	0	0	0	14	14	7	0	0	0	0	0	0	0	0	0	0	0	0	0	0	0	0	14	14	7	7	0	0	0
4	rifle_clip3	0	0	0	0	0	0	0	0	0	0	14	14	9	0	0	0	0	0	0	0	0	0	0	0	0	0	0	0	0	14	14	14	9	0	0
4	rifle_clip4	0	0	0	0	0	0	0	0	0	0	0	14	18	18	0	0	0	0	0	0	0	0	0	0	0	0	0	0	0	0	14	14	18	0	0
4	rifle_clip5	0	0	0	0	0	0	0	0	0	0	0	0	9	18	36	0	0	0	0	0	0	0	0	0	0	0	0	0	0	0	0	0	9	36	36
4	heavy_clip0	0	0	0	0	0	0	0	10	14	7	0	0	0	0	0	0	0	0	0	0	0	0	0	0	0	0	10	14	7	0	0	0	0	0	0
4	heavy_clip1	0	0	0	0	0	0	0	10	14	14	7	0	0	0	0	0	0	0	0	0	0	0	0	0	0	0	10	14	14	7	0	0	0	0	0
4	heavy_clip2	0	0	0	0	0	0	0	0	0	14	14	7	0	0	0	0	0	0	0	0	0	0	0	0	0	0	0	0	14	14	7	7	0	0	0
4	heavy_clip3	0	0	0	0	0	0	0	0	0	0	14	14	9	0	0	0	0	0	0	0	0	0	0	0	0	0	0	0	0	14	14	14	9	0	0
4	heavy_clip4	0	0	0	0	0	0	0	0	0	0	0	14	18	18	0	0	0	0	0	0	0	0	0	0	0	0	0	0	0	0	14	14	18	0	0
4	heavy_clip5	0	0	0	0	0	0	0	0	0	0	0	0	9	18	36	0	0	0	0	0	0	0	0	0	0	0	0	0	0	0	0	0	9	36	36
4	melee_damage0	0	0	0	0	0	0	0	10	14	7	0	0	0	0	0	0	0	0	0	0	0	0	0	0	0	0	10	14	7	0	0	0	0	0	0
4	melee_damage1	0	0	0	0	0	0	0	10	14	14	7	0	0	0	0	0	0	0	0	0	0	0	0	0	0	0	10	14	14	7	0	0	0	0	0
4	melee_damage2	0	0	0	0	0	0	0	0	0	14	14	7	0	0	0	0	0	0	0	0	0	0	0	0	0	0	0	0	14	14	7	7	0	0	0
4	melee_damage3	0	0	0	0	0	0	0	0	0	0	14	14	9	0	0	0	0	0	0	0	0	0	0	0	0	0	0	0	0	14	14	14	9	0	0
4	melee_damage4	0	0	0	0	0	0	0	0	0	0	0	14	18	18	0	0	0	0	0	0	0	0	0	0	0	0	0	0	0	0	14	14	18	0	0
4	melee_damage5	0	0	0	0	0	0	0	0	0	0	0	0	9	18	36	0	0	0	0	0	0	0	0	0	0	0	0	0	0	0	0	0	9	36	36
4	pistol_damage0	0	0	0	0	0	0	0	10	14	7	0	0	0	0	0	0	0	0	0	0	0	0	0	0	0	0	10	14	7	0	0	0	0	0	0
4	pistol_damage1	0	0	0	0	0	0	0	10	14	14	7	0	0	0	0	0	0	0	0	0	0	0	0	0	0	0	10	14	14	7	0	0	0	0	0
4	pistol_damage2	0	0	0	0	0	0	0	0	0	14	14	7	0	0	0	0	0	0	0	0	0	0	0	0	0	0	0	0	14	14	7	7	0	0	0
4	pistol_damage3	0	0	0	0	0	0	0	0	0	0	14	14	9	0	0	0	0	0	0	0	0	0	0	0	0	0	0	0	0	14	14	14	9	0	0
4	pistol_damage4	0	0	0	0	0	0	0	0	0	0	0	14	18	18	0	0	0	0	0	0	0	0	0	0	0	0	0	0	0	0	14	14	18	0	0
4	pistol_damage5	0	0	0	0	0	0	0	0	0	0	0	0	9	18	36	0	0	0	0	0	0	0	0	0	0	0	0	0	0	0	0	0	9	36	36
4	shotgun_damage0	0	0	0	0	0	0	0	10	14	7	0	0	0	0	0	0	0	0	0	0	0	0	0	0	0	0	10	14	7	0	0	0	0	0	0
4	shotgun_damage1	0	0	0	0	0	0	0	10	14	14	7	0	0	0	0	0	0	0	0	0	0	0	0	0	0	0	10	14	14	7	0	0	0	0	0
4	shotgun_damage2	0	0	0	0	0	0	0	0	0	14	14	7	0	0	0	0	0	0	0	0	0	0	0	0	0	0	0	0	14	14	7	7	0	0	0
4	shotgun_damage3	0	0	0	0	0	0	0	0	0	0	14	14	9	0	0	0	0	0	0	0	0	0	0	0	0	0	0	0	0	14	14	14	9	0	0
4	shotgun_damage4	0	0	0	0	0	0	0	0	0	0	0	14	18	18	0	0	0	0	0	0	0	0	0	0	0	0	0	0	0	0	14	14	18	0	0
4	shotgun_damage5	0	0	0	0	0	0	0	0	0	0	0	0	9	18	36	0	0	0	0	0	0	0	0	0	0	0	0	0	0	0	0	0	9	36	36
4	rifle_damage0	0	0	0	0	0	0	0	10	14	7	0	0	0	0	0	0	0	0	0	0	0	0	0	0	0	0	10	14	7	0	0	0	0	0	0
4	rifle_damage1	0	0	0	0	0	0	0	10	14	14	7	0	0	0	0	0	0	0	0	0	0	0	0	0	0	0	10	14	14	7	0	0	0	0	0
4	rifle_damage2	0	0	0	0	0	0	0	0	0	14	14	7	0	0	0	0	0	0	0	0	0	0	0	0	0	0	0	0	14	14	7	7	0	0	0
4	rifle_damage3	0	0	0	0	0	0	0	0	0	0	14	14	9	0	0	0	0	0	0	0	0	0	0	0	0	0	0	0	0	14	14	14	9	0	0
4	rifle_damage4	0	0	0	0	0	0	0	0	0	0	0	14	18	18	0	0	0	0	0	0	0	0	0	0	0	0	0	0	0	0	14	14	18	0	0
4	rifle_damage5	0	0	0	0	0	0	0	0	0	0	0	0	9	18	36	0	0	0	0	0	0	0	0	0	0	0	0	0	0	0	0	0	9	36	36
4	heavy_damage0	0	0	0	0	0	0	0	10	14	7	0	0	0	0	0	0	0	0	0	0	0	0	0	0	0	0	10	14	7	0	0	0	0	0	0
4	heavy_damage1	0	0	0	0	0	0	0	10	14	14	7	0	0	0	0	0	0	0	0	0	0	0	0	0	0	0	10	14	14	7	0	0	0	0	0
4	heavy_damage2	0	0	0	0	0	0	0	0	0	14	14	7	0	0	0	0	0	0	0	0	0	0	0	0	0	0	0	0	14	14	7	7	0	0	0
4	heavy_damage3	0	0	0	0	0	0	0	0	0	0	14	14	9	0	0	0	0	0	0	0	0	0	0	0	0	0	0	0	0	14	14	14	9	0	0
4	heavy_damage4	0	0	0	0	0	0	0	0	0	0	0	14	18	18	0	0	0	0	0	0	0	0	0	0	0	0	0	0	0	0	14	14	18	0	0
4	heavy_damage5	0	0	0	0	0	0	0	0	0	0	0	0	9	18	36	0	0	0	0	0	0	0	0	0	0	0	0	0	0	0	0	0	9	36	36
4	pistol_accuracy0	0	0	0	0	0	0	0	5	7	3	0	0	0	0	0	0	0	0	0	0	0	0	0	0	0	0	5	7	3	0	0	0	0	0	0
4	pistol_accuracy1	0	0	0	0	0	0	0	5	7	7	3	0	0	0	0	0	0	0	0	0	0	0	0	0	0	0	5	7	7	3	0	0	0	0	0
4	pistol_accuracy2	0	0	0	0	0	0	0	0	0	7	7	3	0	0	0	0	0	0	0	0	0	0	0	0	0	0	0	0	7	7	3	3	0	0	0
4	pistol_accuracy3	0	0	0	0	0	0	0	0	0	0	7	7	4	0	0	0	0	0	0	0	0	0	0	0	0	0	0	0	0	7	7	7	4	0	0
4	pistol_accuracy4	0	0	0	0	0	0	0	0	0	0	0	7	9	9	0	0	0	0	0	0	0	0	0	0	0	0	0	0	0	0	7	7	9	0	0
4	pistol_accuracy5	0	0	0	0	0	0	0	0	0	0	0	0	4	9	18	0	0	0	0	0	0	0	0	0	0	0	0	0	0	0	0	0	4	18	18
4	rifle_accuracy0	0	0	0	0	0	0	0	5	7	3	0	0	0	0	0	0	0	0	0	0	0	0	0	0	0	0	5	7	3	0	0	0	0	0	0
4	rifle_accuracy1	0	0	0	0	0	0	0	5	7	7	3	0	0	0	0	0	0	0	0	0	0	0	0	0	0	0	5	7	7	3	0	0	0	0	0
4	rifle_accuracy2	0	0	0	0	0	0	0	0	0	7	7	3	0	0	0	0	0	0	0	0	0	0	0	0	0	0	0	0	7	7	3	3	0	0	0
4	rifle_accuracy3	0	0	0	0	0	0	0	0	0	0	7	7	4	0	0	0	0	0	0	0	0	0	0	0	0	0	0	0	0	7	7	7	4	0	0
4	rifle_accuracy4	0	0	0	0	0	0	0	0	0	0	0	7	9	9	0	0	0	0	0	0	0	0	0	0	0	0	0	0	0	0	7	7	9	0	0
4	rifle_accuracy5	0	0	0	0	0	0	0	0	0	0	0	0	4	9	18	0	0	0	0	0	0	0	0	0	0	0	0	0	0	0	0	0	4	18	18
4	heavy_accuracy0	0	0	0	0	0	0	0	5	7	3	0	0	0	0	0	0	0	0	0	0	0	0	0	0	0	0	5	7	3	0	0	0	0	0	0
4	heavy_accuracy1	0	0	0	0	0	0	0	5	7	7	3	0	0	0	0	0	0	0	0	0	0	0	0	0	0	0	5	7	7	3	0	0	0	0	0
4	heavy_accuracy2	0	0	0	0	0	0	0	0	0	7	7	3	0	0	0	0	0	0	0	0	0	0	0	0	0	0	0	0	7	7	3	3	0	0	0
4	heavy_accuracy3	0	0	0	0	0	0	0	0	0	0	7	7	4	0	0	0	0	0	0	0	0	0	0	0	0	0	0	0	0	7	7	7	4	0	0
4	heavy_accuracy4	0	0	0	0	0	0	0	0	0	0	0	7	9	9	0	0	0	0	0	0	0	0	0	0	0	0	0	0	0	0	7	7	9	0	0
4	heavy_accuracy5	0	0	0	0	0	0	0	0	0	0	0	0	4	9	18	0	0	0	0	0	0	0	0	0	0	0	0	0	0	0	0	0	4	18	18
4	melee_speed0	0	0	0	0	0	0	0	5	7	3	0	0	0	0	0	0	0	0	0	0	0	0	0	0	0	0	5	7	3	0	0	0	0	0	0
4	melee_speed1	0	0	0	0	0	0	0	5	7	7	3	0	0	0	0	0	0	0	0	0	0	0	0	0	0	0	5	7	7	3	0	0	0	0	0
4	melee_speed2	0	0	0	0	0	0	0	0	0	7	7	3	0	0	0	0	0	0	0	0	0	0	0	0	0	0	0	0	7	7	3	3	0	0	0
4	melee_speed3	0	0	0	0	0	0	0	0	0	0	7	7	4	0	0	0	0	0	0	0	0	0	0	0	0	0	0	0	0	7	7	7	4	0	0
4	melee_speed4	0	0	0	0	0	0	0	0	0	0	0	7	9	9	0	0	0	0	0	0	0	0	0	0	0	0	0	0	0	0	7	7	9	0	0
4	melee_speed5	0	0	0	0	0	0	0	0	0	0	0	0	4	9	18	0	0	0	0	0	0	0	0	0	0	0	0	0	0	0	0	0	4	18	18
4	pistol_speed0	0	0	0	0	0	0	0	5	7	3	0	0	0	0	0	0	0	0	0	0	0	0	0	0	0	0	5	7	3	0	0	0	0	0	0
4	pistol_speed1	0	0	0	0	0	0	0	5	7	7	3	0	0	0	0	0	0	0	0	0	0	0	0	0	0	0	5	7	7	3	0	0	0	0	0
4	pistol_speed2	0	0	0	0	0	0	0	0	0	7	7	3	0	0	0	0	0	0	0	0	0	0	0	0	0	0	0	0	7	7	3	3	0	0	0
4	pistol_speed3	0	0	0	0	0	0	0	0	0	0	7	7	4	0	0	0	0	0	0	0	0	0	0	0	0	0	0	0	0	7	7	7	4	0	0
4	pistol_speed4	0	0	0	0	0	0	0	0	0	0	0	7	9	9	0	0	0	0	0	0	0	0	0	0	0	0	0	0	0	0	7	7	9	0	0
4	pistol_speed5	0	0	0	0	0	0	0	0	0	0	0	0	4	9	18	0	0	0	0	0	0	0	0	0	0	0	0	0	0	0	0	0	4	18	18
4	shotgun_speed0	0	0	0	0	0	0	0	5	7	3	0	0	0	0	0	0	0	0	0	0	0	0	0	0	0	0	5	7	3	0	0	0	0	0	0
4	shotgun_speed1	0	0	0	0	0	0	0	5	7	7	3	0	0	0	0	0	0	0	0	0	0	0	0	0	0	0	5	7	7	3	0	0	0	0	0
4	shotgun_speed2	0	0	0	0	0	0	0	0	0	7	7	3	0	0	0	0	0	0	0	0	0	0	0	0	0	0	0	0	7	7	3	3	0	0	0
4	shotgun_speed3	0	0	0	0	0	0	0	0	0	0	7	7	4	0	0	0	0	0	0	0	0	0	0	0	0	0	0	0	0	7	7	7	4	0	0
4	shotgun_speed4	0	0	0	0	0	0	0	0	0	0	0	7	9	9	0	0	0	0	0	0	0	0	0	0	0	0	0	0	0	0	7	7	9	0	0
4	shotgun_speed5	0	0	0	0	0	0	0	0	0	0	0	0	4	9	18	0	0	0	0	0	0	0	0	0	0	0	0	0	0	0	0	0	4	18	18
4	rifle_speed0	0	0	0	0	0	0	0	5	7	3	0	0	0	0	0	0	0	0	0	0	0	0	0	0	0	0	5	7	3	0	0	0	0	0	0
4	rifle_speed1	0	0	0	0	0	0	0	5	7	7	3	0	0	0	0	0	0	0	0	0	0	0	0	0	0	0	5	7	7	3	0	0	0	0	0
4	rifle_speed2	0	0	0	0	0	0	0	0	0	7	7	3	0	0	0	0	0	0	0	0	0	0	0	0	0	0	0	0	7	7	3	3	0	0	0
4	rifle_speed3	0	0	0	0	0	0	0	0	0	0	7	7	4	0	0	0	0	0	0	0	0	0	0	0	0	0	0	0	0	7	7	7	4	0	0
4	rifle_speed4	0	0	0	0	0	0	0	0	0	0	0	7	9	9	0	0	0	0	0	0	0	0	0	0	0	0	0	0	0	0	7	7	9	0	0
4	rifle_speed5	0	0	0	0	0	0	0	0	0	0	0	0	4	9	18	0	0	0	0	0	0	0	0	0	0	0	0	0	0	0	0	0	4	18	18
4	heavy_speed0	0	0	0	0	0	0	0	5	7	3	0	0	0	0	0	0	0	0	0	0	0	0	0	0	0	0	5	7	3	0	0	0	0	0	0
4	heavy_speed1	0	0	0	0	0	0	0	5	7	7	3	0	0	0	0	0	0	0	0	0	0	0	0	0	0	0	5	7	7	3	0	0	0	0	0
4	heavy_speed2	0	0	0	0	0	0	0	0	0	7	7	3	0	0	0	0	0	0	0	0	0	0	0	0	0	0	0	0	7	7	3	3	0	0	0
4	heavy_speed3	0	0	0	0	0	0	0	0	0	0	7	7	4	0	0	0	0	0	0	0	0	0	0	0	0	0	0	0	0	7	7	7	4	0	0
4	heavy_speed4	0	0	0	0	0	0	0	0	0	0	0	7	9	9	0	0	0	0	0	0	0	0	0	0	0	0	0	0	0	0	7	7	9	0	0
4	heavy_speed5	0	0	0	0	0	0	0	0	0	0	0	0	4	9	18	0	0	0	0	0	0	0	0	0	0	0	0	0	0	0	0	0	4	18	18
4	melee_reload0	0	0	0	0	0	0	0	2	3	1	0	0	0	0	0	0	0	0	0	0	0	0	0	0	0	0	2	3	1	0	0	0	0	0	0
4	melee_reload1	0	0	0	0	0	0	0	2	3	3	1	0	0	0	0	0	0	0	0	0	0	0	0	0	0	0	2	3	3	1	0	0	0	0	0
4	melee_reload2	0	0	0	0	0	0	0	0	0	3	3	1	0	0	0	0	0	0	0	0	0	0	0	0	0	0	0	0	3	3	1	1	0	0	0
4	melee_reload3	0	0	0	0	0	0	0	0	0	0	3	3	2	0	0	0	0	0	0	0	0	0	0	0	0	0	0	0	0	3	3	3	2	0	0
4	melee_reload4	0	0	0	0	0	0	0	0	0	0	0	3	4	4	0	0	0	0	0	0	0	0	0	0	0	0	0	0	0	0	3	3	4	0	0
4	melee_reload5	0	0	0	0	0	0	0	0	0	0	0	0	2	4	9	0	0	0	0	0	0	0	0	0	0	0	0	0	0	0	0	0	2	9	9
4	pistol_reload0	0	0	0	0	0	0	0	2	3	1	0	0	0	0	0	0	0	0	0	0	0	0	0	0	0	0	2	3	1	0	0	0	0	0	0
4	pistol_reload1	0	0	0	0	0	0	0	2	3	3	1	0	0	0	0	0	0	0	0	0	0	0	0	0	0	0	2	3	3	1	0	0	0	0	0
4	pistol_reload2	0	0	0	0	0	0	0	0	0	3	3	1	0	0	0	0	0	0	0	0	0	0	0	0	0	0	0	0	3	3	1	1	0	0	0
4	pistol_reload3	0	0	0	0	0	0	0	0	0	0	3	3	2	0	0	0	0	0	0	0	0	0	0	0	0	0	0	0	0	3	3	3	2	0	0
4	pistol_reload4	0	0	0	0	0	0	0	0	0	0	0	3	4	4	0	0	0	0	0	0	0	0	0	0	0	0	0	0	0	0	3	3	4	0	0
4	pistol_reload5	0	0	0	0	0	0	0	0	0	0	0	0	2	4	9	0	0	0	0	0	0	0	0	0	0	0	0	0	0	0	0	0	2	9	9
4	shotgun_reload0	0	0	0	0	0	0	0	2	3	1	0	0	0	0	0	0	0	0	0	0	0	0	0	0	0	0	2	3	1	0	0	0	0	0	0
4	shotgun_reload1	0	0	0	0	0	0	0	2	3	3	1	0	0	0	0	0	0	0	0	0	0	0	0	0	0	0	2	3	3	1	0	0	0	0	0
4	shotgun_reload2	0	0	0	0	0	0	0	0	0	3	3	1	0	0	0	0	0	0	0	0	0	0	0	0	0	0	0	0	3	3	1	1	0	0	0
4	shotgun_reload3	0	0	0	0	0	0	0	0	0	0	3	3	2	0	0	0	0	0	0	0	0	0	0	0	0	0	0	0	0	3	3	3	2	0	0
4	shotgun_reload4	0	0	0	0	0	0	0	0	0	0	0	3	4	4	0	0	0	0	0	0	0	0	0	0	0	0	0	0	0	0	3	3	4	0	0
4	shotgun_reload5	0	0	0	0	0	0	0	0	0	0	0	0	2	4	9	0	0	0	0	0	0	0	0	0	0	0	0	0	0	0	0	0	2	9	9
4	rifle_reload0	0	0	0	0	0	0	0	2	3	1	0	0	0	0	0	0	0	0	0	0	0	0	0	0	0	0	2	3	1	0	0	0	0	0	0
4	rifle_reload1	0	0	0	0	0	0	0	2	3	3	1	0	0	0	0	0	0	0	0	0	0	0	0	0	0	0	2	3	3	1	0	0	0	0	0
4	rifle_reload2	0	0	0	0	0	0	0	0	0	3	3	1	0	0	0	0	0	0	0	0	0	0	0	0	0	0	0	0	3	3	1	1	0	0	0
4	rifle_reload3	0	0	0	0	0	0	0	0	0	0	3	3	2	0	0	0	0	0	0	0	0	0	0	0	0	0	0	0	0	3	3	3	2	0	0
4	rifle_reload4	0	0	0	0	0	0	0	0	0	0	0	3	4	4	0	0	0	0	0	0	0	0	0	0	0	0	0	0	0	0	3	3	4	0	0
4	rifle_reload5	0	0	0	0	0	0	0	0	0	0	0	0	2	4	9	0	0	0	0	0	0	0	0	0	0	0	0	0	0	0	0	0	2	9	9
4	heavy_reload0	0	0	0	0	0	0	0	2	3	1	0	0	0	0	0	0	0	0	0	0	0	0	0	0	0	0	2	3	1	0	0	0	0	0	0
4	heavy_reload1	0	0	0	0	0	0	0	2	3	3	1	0	0	0	0	0	0	0	0	0	0	0	0	0	0	0	2	3	3	1	0	0	0	0	0
4	heavy_reload2	0	0	0	0	0	0	0	0	0	3	3	1	0	0	0	0	0	0	0	0	0	0	0	0	0	0	0	0	3	3	1	1	0	0	0
4	heavy_reload3	0	0	0	0	0	0	0	0	0	0	3	3	2	0	0	0	0	0	0	0	0	0	0	0	0	0	0	0	0	3	3	3	2	0	0
4	heavy_reload4	0	0	0	0	0	0	0	0	0	0	0	3	4	4	0	0	0	0	0	0	0	0	0	0	0	0	0	0	0	0	3	3	4	0	0
4	heavy_reload5	0	0	0	0	0	0	0	0	0	0	0	0	2	4	9	0	0	0	0	0	0	0	0	0	0	0	0	0	0	0	0	0	2	9	9
5	slash0	85	33	15	7	0	0	0	0	0	0	0	0	0	0	0	0	0	0	0	0	0	15	7	0	0	0	0	0	0	0	0	0	0	0	0
5	slash1	42	67	30	14	0	0	0	0	0	0	0	0	0	0	0	0	0	0	0	0	0	30	14	0	0	0	0	0	0	0	0	0	0	0	0
5	slash2	21	33	60	29	3	0	0	0	0	0	0	0	0	0	0	0	0	0	0	0	0	60	29	3	0	0	0	0	0	0	0	0	0	0	0
5	slash3	10	16	30	58	7	3	0	0	0	0	0	0	0	0	0	0	0	0	0	0	0	30	58	7	3	0	0	0	0	0	0	0	0	0	0
5	slash4	0	8	15	29	14	7	3	0	0	0	0	0	0	0	0	0	0	0	0	0	0	15	29	14	7	3	0	0	0	0	0	0	0	0	0
5	slash5	0	0	7	14	28	14	7	0	0	0	0	0	0	0	0	0	0	0	0	0	0	7	14	28	14	7	0	0	0	0	0	0	0	0	0
5	slash6	0	0	0	7	56	28	14	3	0	0	0	0	0	0	0	0	0	0	0	0	0	0	7	56	28	14	3	0	0	0	0	0	0	0	0
5	slash7	0	0	0	0	28	56	28	7	0	0	0	0	0	0	0	0	0	0	0	0	0	0	0	28	56	28	7	0	0	0	0	0	0	0	0
5	slash8	0	0	0	0	14	28	56	14	3	0	0	0	0	0	0	0	0	0	0	0	0	0	0	14	28	56	14	3	0	0	0	0	0	0	0
5	slash9	0	0	0	0	7	14	28	28	7	0	0	0	0	0	0	0	0	0	0	0	0	0	0	7	14	28	28	7	0	0	0	0	0	0	0
5	slash10	0	0	0	0	0	7	14	56	14	0	0	0	0	0	0	0	0	0	0	0	0	0	0	0	7	14	56	14	0	0	0	0	0	0	0
5	slash11	0	0	0	0	0	0	7	28	28	3	0	0	0	0	0	0	0	0	0	0	0	0	0	0	0	7	28	28	3	0	0	0	0	0	0
5	slash12	0	0	0	0	0	0	0	14	56	7	3	0	0	0	0	0	0	0	0	0	0	0	0	0	0	0	14	56	7	3	0	0	0	0	0
5	slash13	0	0	0	0	0	0	0	7	28	14	7	3	0	0	0	0	0	0	0	0	0	0	0	0	0	0	7	28	14	7	3	3	0	0	0
5	slash14	0	0	0	0	0	0	0	0	14	28	14	7	3	3	0	0	0	0	0	0	0	0	0	0	0	0	0	14	28	14	7	7	3	0	0
5	slash15	0	0	0	0	0	0	0	0	7	56	28	14	7	7	0	1	0	0	0	0	0	0	0	0	0	0	0	7	56	28	14	14	7	0	0
5	slash16	0	0	0	0	0	0	0	0	0	28	56	28	14	14	0	0	1	0	0	0	0	0	0	0	0	0	0	0	28	56	28	28	14	0	0
5	slash17	0	0	0	0	0	0	0	0	0	14	28	56	29	29	17	0	0	1	0	0	0	0	0	0	0	0	0	0	14	28	56	56	29	17	17
5	slash18	0	0	0	0	0	0	0	0	0	7	14	28	59	59	35	0	0	0	1	0	0	0	0	0	0	0	0	0	7	14	28	28	59	35	35
5	slash19	0	0	0	0	0	0	0	0	0	0	7	14	29	29	71	0	0	0	0	1	0	0	0	0	0	0	0	0	0	7	14	14	29	71	71
5	slash20	0	0	0	0	0	0	0	0	0	0	0	7	14	14	35	0	0	0	0	0	1	0	0	0	0	0	0	0	0	0	7	7	14	35	35
5	blunt0	85	33	15	7	0	0	0	0	0	0	0	0	0	0	0	0	0	0	0	0	0	15	7	0	0	0	0	0	0	0	0	0	0	0	0
5	blunt1	42	67	30	14	0	0	0	0	0	0	0	0	0	0	0	0	0	0	0	0	0	30	14	0	0	0	0	0	0	0	0	0	0	0	0
5	blunt2	21	33	60	29	3	0	0	0	0	0	0	0	0	0	0	0	0	0	0	0	0	60	29	3	0	0	0	0	0	0	0	0	0	0	0
5	blunt3	10	16	30	58	7	3	0	0	0	0	0	0	0	0	0	0	0	0	0	0	0	30	58	7	3	0	0	0	0	0	0	0	0	0	0
5	blunt4	0	8	15	29	14	7	3	0	0	0	0	0	0	0	0	0	0	0	0	0	0	15	29	14	7	3	0	0	0	0	0	0	0	0	0
5	blunt5	0	0	7	14	28	14	7	0	0	0	0	0	0	0	0	0	0	0	0	0	0	7	14	28	14	7	0	0	0	0	0	0	0	0	0
5	blunt6	0	0	0	7	56	28	14	3	0	0	0	0	0	0	0	0	0	0	0	0	0	0	7	56	28	14	3	0	0	0	0	0	0	0	0
5	blunt7	0	0	0	0	28	56	28	7	0	0	0	0	0	0	0	0	0	0	0	0	0	0	0	28	56	28	7	0	0	0	0	0	0	0	0
5	blunt8	0	0	0	0	14	28	56	14	3	0	0	0	0	0	0	0	0	0	0	0	0	0	0	14	28	56	14	3	0	0	0	0	0	0	0
5	blunt9	0	0	0	0	7	14	28	28	7	0	0	0	0	0	0	0	0	0	0	0	0	0	0	7	14	28	28	7	0	0	0	0	0	0	0
5	blunt10	0	0	0	0	0	7	14	56	14	0	0	0	0	0	0	0	0	0	0	0	0	0	0	0	7	14	56	14	0	0	0	0	0	0	0
5	blunt11	0	0	0	0	0	0	7	28	28	3	0	0	0	0	0	0	0	0	0	0	0	0	0	0	0	7	28	28	3	0	0	0	0	0	0
5	blunt12	0	0	0	0	0	0	0	14	56	7	3	0	0	0	0	0	0	0	0	0	0	0	0	0	0	0	14	56	7	3	0	0	0	0	0
5	blunt13	0	0	0	0	0	0	0	7	28	14	7	3	0	0	0	0	0	0	0	0	0	0	0	0	0	0	7	28	14	7	3	3	0	0	0
5	blunt14	0	0	0	0	0	0	0	0	14	28	14	7	3	3	0	0	0	0	0	0	0	0	0	0	0	0	0	14	28	14	7	7	3	0	0
5	blunt15	0	0	0	0	0	0	0	0	7	56	28	14	7	7	0	1	0	0	0	0	0	0	0	0	0	0	0	7	56	28	14	14	7	0	0
5	blunt16	0	0	0	0	0	0	0	0	0	28	56	28	14	14	0	0	1	0	0	0	0	0	0	0	0	0	0	0	28	56	28	28	14	0	0
5	blunt17	0	0	0	0	0	0	0	0	0	14	28	56	29	29	17	0	0	1	0	0	0	0	0	0	0	0	0	0	14	28	56	56	29	17	17
5	blunt18	0	0	0	0	0	0	0	0	0	7	14	28	59	59	35	0	0	0	1	0	0	0	0	0	0	0	0	0	7	14	28	28	59	35	35
5	blunt19	0	0	0	0	0	0	0	0	0	0	7	14	29	29	71	0	0	0	0	1	0	0	0	0	0	0	0	0	0	7	14	14	29	71	71
5	blunt20	0	0	0	0	0	0	0	0	0	0	0	7	14	14	35	0	0	0	0	0	1	0	0	0	0	0	0	0	0	0	7	7	14	35	35
5	pistol0	170	67	30	14	0	0	0	0	0	0	0	0	0	0	0	0	0	0	0	0	0	30	14	0	0	0	0	0	0	0	0	0	0	0	0
5	pistol1	85	134	60	29	0	0	0	0	0	0	0	0	0	0	0	0	0	0	0	0	0	60	29	0	0	0	0	0	0	0	0	0	0	0	0
5	pistol2	42	67	121	58	7	0	0	0	0	0	0	0	0	0	0	0	0	0	0	0	0	121	58	7	0	0	0	0	0	0	0	0	0	0	0
5	pistol3	21	33	60	116	14	7	0	0	0	0	0	0	0	0	0	0	0	0	0	0	0	60	116	14	7	0	0	0	0	0	0	0	0	0	0
5	pistol4	0	16	30	58	28	14	7	0	0	0	0	0	0	0	0	0	0	0	0	0	0	30	58	28	14	7	0	0	0	0	0	0	0	0	0
5	pistol5	0	0	15	29	56	28	14	0	0	0	0	0	0	0	0	0	0	0	0	0	0	15	29	56	28	14	0	0	0	0	0	0	0	0	0
5	pistol6	0	0	0	14	113	56	28	7	0	0	0	0	0	0	0	0	0	0	0	0	0	0	14	113	56	28	7	0	0	0	0	0	0	0	0
5	pistol7	0	0	0	0	56	113	56	14	0	0	0	0	0	0	0	0	0	0	0	0	0	0	0	56	113	56	14	0	0	0	0	0	0	0	0
5	pistol8	0	0	0	0	28	56	113	28	7	0	0	0	0	0	0	0	0	0	0	0	0	0	0	28	56	113	28	7	0	0	0	0	0	0	0
5	pistol9	0	0	0	0	14	28	56	56	14	0	0	0	0	0	0	0	0	0	0	0	0	0	0	14	28	56	56	14	0	0	0	0	0	0	0
5	pistol10	0	0	0	0	0	14	28	113	28	0	0	0	0	0	0	0	0	0	0	0	0	0	0	0	14	28	113	28	0	0	0	0	0	0	0
5	pistol11	0	0	0	0	0	0	14	56	56	7	0	0	0	0	0	0	0	0	0	0	0	0	0	0	0	14	56	56	7	0	0	0	0	0	0
5	pistol12	0	0	0	0	0	0	0	28	113	14	7	0	0	0	0	0	0	0	0	0	0	0	0	0	0	0	28	113	14	7	0	0	0	0	0
5	pistol13	0	0	0	0	0	0	0	14	56	28	14	7	0	0	0	0	0	0	0	0	0	0	0	0	0	0	14	56	28	14	7	7	0	0	0
5	pistol14	0	0	0	0	0	0	0	0	28	56	28	14	7	7	0	0	0	0	0	0	0	0	0	0	0	0	0	28	56	28	14	14	7	0	0
5	pistol15	0	0	0	0	0	0	0	0	14	113	56	28	14	14	0	1	0	0	0	0	0	0	0	0	0	0	0	14	113	56	28	28	14	0	0
5	pistol16	0	0	0	0	0	0	0	0	0	56	113	56	29	29	0	0	1	0	0	0	0	0	0	0	0	0	0	0	56	113	56	56	29	0	0
5	pistol17	0	0	0	0	0	0	0	0	0	28	56	113	59	59	35	0	0	1	0	0	0	0	0	0	0	0	0	0	28	56	113	113	59	35	35
5	pistol18	0	0	0	0	0	0	0	0	0	14	28	56	119	119	71	0	0	0	1	0	0	0	0	0	0	0	0	0	14	28	56	56	119	71	71
5	pistol19	0	0	0	0	0	0	0	0	0	0	14	28	59	59	142	0	0	0	0	1	0	0	0	0	0	0	0	0	0	14	28	28	59	142	142
5	pistol20	0	0	0	0	0	0	0	0	0	0	0	14	29	29	71	0	0	0	0	0	1	0	0	0	0	0	0	0	0	0	14	14	29	71	71
5	shotgun0	170	67	30	14	0	0	0	0	0	0	0	0	0	0	0	0	0	0	0	0	0	30	14	0	0	0	0	0	0	0	0	0	0	0	0
5	shotgun1	85	134	60	29	0	0	0	0	0	0	0	0	0	0	0	0	0	0	0	0	0	60	29	0	0	0	0	0	0	0	0	0	0	0	0
5	shotgun2	42	67	121	58	7	0	0	0	0	0	0	0	0	0	0	0	0	0	0	0	0	121	58	7	0	0	0	0	0	0	0	0	0	0	0
5	shotgun3	21	33	60	116	14	7	0	0	0	0	0	0	0	0	0	0	0	0	0	0	0	60	116	14	7	0	0	0	0	0	0	0	0	0	0
5	shotgun4	0	16	30	58	28	14	7	0	0	0	0	0	0	0	0	0	0	0	0	0	0	30	58	28	14	7	0	0	0	0	0	0	0	0	0
5	shotgun5	0	0	15	29	56	28	14	0	0	0	0	0	0	0	0	0	0	0	0	0	0	15	29	56	28	14	0	0	0	0	0	0	0	0	0
5	shotgun6	0	0	0	14	113	56	28	7	0	0	0	0	0	0	0	0	0	0	0	0	0	0	14	113	56	28	7	0	0	0	0	0	0	0	0
5	shotgun7	0	0	0	0	56	113	56	14	0	0	0	0	0	0	0	0	0	0	0	0	0	0	0	56	113	56	14	0	0	0	0	0	0	0	0
5	shotgun8	0	0	0	0	28	56	113	28	7	0	0	0	0	0	0	0	0	0	0	0	0	0	0	28	56	113	28	7	0	0	0	0	0	0	0
5	shotgun9	0	0	0	0	14	28	56	56	14	0	0	0	0	0	0	0	0	0	0	0	0	0	0	14	28	56	56	14	0	0	0	0	0	0	0
5	shotgun10	0	0	0	0	0	14	28	113	28	0	0	0	0	0	0	0	0	0	0	0	0	0	0	0	14	28	113	28	0	0	0	0	0	0	0
5	shotgun11	0	0	0	0	0	0	14	56	56	7	0	0	0	0	0	0	0	0	0	0	0	0	0	0	0	14	56	56	7	0	0	0	0	0	0
5	shotgun12	0	0	0	0	0	0	0	28	113	14	7	0	0	0	0	0	0	0	0	0	0	0	0	0	0	0	28	113	14	7	0	0	0	0	0
5	shotgun13	0	0	0	0	0	0	0	14	56	28	14	7	0	0	0	0	0	0	0	0	0	0	0	0	0	0	14	56	28	14	7	7	0	0	0
5	shotgun14	0	0	0	0	0	0	0	0	28	56	28	14	7	7	0	0	0	0	0	0	0	0	0	0	0	0	0	28	56	28	14	14	7	0	0
5	shotgun15	0	0	0	0	0	0	0	0	14	113	56	28	14	14	0	1	0	0	0	0	0	0	0	0	0	0	0	14	113	56	28	28	14	0	0
5	shotgun16	0	0	0	0	0	0	0	0	0	56	113	56	29	29	0	0	1	0	0	0	0	0	0	0	0	0	0	0	56	113	56	56	29	0	0
5	shotgun17	0	0	0	0	0	0	0	0	0	28	56	113	59	59	35	0	0	1	0	0	0	0	0	0	0	0	0	0	28	56	113	113	59	35	35
5	shotgun18	0	0	0	0	0	0	0	0	0	14	28	56	119	119	71	0	0	0	1	0	0	0	0	0	0	0	0	0	14	28	56	56	119	71	71
5	shotgun19	0	0	0	0	0	0	0	0	0	0	14	28	59	59	142	0	0	0	0	1	0	0	0	0	0	0	0	0	0	14	28	28	59	142	142
5	shotgun20	0	0	0	0	0	0	0	0	0	0	0	14	29	29	71	0	0	0	0	0	1	0	0	0	0	0	0	0	0	0	14	14	29	71	71
5	rifle0	85	33	15	7	0	0	0	0	0	0	0	0	0	0	0	0	0	0	0	0	0	15	7	0	0	0	0	0	0	0	0	0	0	0	0
5	rifle1	42	67	30	14	0	0	0	0	0	0	0	0	0	0	0	0	0	0	0	0	0	30	14	0	0	0	0	0	0	0	0	0	0	0	0
5	rifle2	21	33	60	29	3	0	0	0	0	0	0	0	0	0	0	0	0	0	0	0	0	60	29	3	0	0	0	0	0	0	0	0	0	0	0
5	rifle3	10	16	30	58	7	3	0	0	0	0	0	0	0	0	0	0	0	0	0	0	0	30	58	7	3	0	0	0	0	0	0	0	0	0	0
5	rifle4	0	8	15	29	14	7	3	0	0	0	0	0	0	0	0	0	0	0	0	0	0	15	29	14	7	3	0	0	0	0	0	0	0	0	0
5	rifle5	0	0	7	14	28	14	7	0	0	0	0	0	0	0	0	0	0	0	0	0	0	7	14	28	14	7	0	0	0	0	0	0	0	0	0
5	rifle6	0	0	0	7	56	28	14	3	0	0	0	0	0	0	0	0	0	0	0	0	0	0	7	56	28	14	3	0	0	0	0	0	0	0	0
5	rifle7	0	0	0	0	28	56	28	7	0	0	0	0	0	0	0	0	0	0	0	0	0	0	0	28	56	28	7	0	0	0	0	0	0	0	0
5	rifle8	0	0	0	0	14	28	56	14	3	0	0	0	0	0	0	0	0	0	0	0	0	0	0	14	28	56	14	3	0	0	0	0	0	0	0
5	rifle9	0	0	0	0	7	14	28	28	7	0	0	0	0	0	0	0	0	0	0	0	0	0	0	7	14	28	28	7	0	0	0	0	0	0	0
5	rifle10	0	0	0	0	0	7	14	56	14	0	0	0	0	0	0	0	0	0	0	0	0	0	0	0	7	14	56	14	0	0	0	0	0	0	0
5	rifle11	0	0	0	0	0	0	7	28	28	3	0	0	0	0	0	0	0	0	0	0	0	0	0	0	0	7	28	28	3	0	0	0	0	0	0
5	rifle12	0	0	0	0	0	0	0	14	56	7	3	0	0	0	0	0	0	0	0	0	0	0	0	0	0	0	14	56	7	3	0	0	0	0	0
5	rifle13	0	0	0	0	0	0	0	7	28	14	7	3	0	0	0	0	0	0	0	0	0	0	0	0	0	0	7	28	14	7	3	3	0	0	0
5	rifle14	0	0	0	0	0	0	0	0	14	28	14	7	3	3	0	0	0	0	0	0	0	0	0	0	0	0	0	14	28	14	7	7	3	0	0
5	rifle15	0	0	0	0	0	0	0	0	7	56	28	14	7	7	0	1	0	0	0	0	0	0	0	0	0	0	0	7	56	28	14	14	7	0	0
5	rifle16	0	0	0	0	0	0	0	0	0	28	56	28	14	14	0	0	1	0	0	0	0	0	0	0	0	0	0	0	28	56	28	28	14	0	0
5	rifle17	0	0	0	0	0	0	0	0	0	14	28	56	29	29	17	0	0	1	0	0	0	0	0	0	0	0	0	0	14	28	56	56	29	17	17
5	rifle18	0	0	0	0	0	0	0	0	0	7	14	28	59	59	35	0	0	0	1	0	0	0	0	0	0	0	0	0	7	14	28	28	59	35	35
5	rifle19	0	0	0	0	0	0	0	0	0	0	7	14	29	29	71	0	0	0	0	1	0	0	0	0	0	0	0	0	0	7	14	14	29	71	71
5	rifle20	0	0	0	0	0	0	0	0	0	0	0	7	14	14	35	0	0	0	0	0	1	0	0	0	0	0	0	0	0	0	7	7	14	35	35
5	sniper0	42	16	7	3	0	0	0	0	0	0	0	0	0	0	0	0	0	0	0	0	0	7	3	0	0	0	0	0	0	0	0	0	0	0	0
5	sniper1	21	33	15	7	0	0	0	0	0	0	0	0	0	0	0	0	0	0	0	0	0	15	7	0	0	0	0	0	0	0	0	0	0	0	0
5	sniper2	10	16	30	14	1	0	0	0	0	0	0	0	0	0	0	0	0	0	0	0	0	30	14	1	0	0	0	0	0	0	0	0	0	0	0
5	sniper3	5	8	15	29	3	1	0	0	0	0	0	0	0	0	0	0	0	0	0	0	0	15	29	3	1	0	0	0	0	0	0	0	0	0	0
5	sniper4	0	4	7	14	7	3	1	0	0	0	0	0	0	0	0	0	0	0	0	0	0	7	14	7	3	1	0	0	0	0	0	0	0	0	0
5	sniper5	0	0	3	7	14	7	3	0	0	0	0	0	0	0	0	0	0	0	0	0	0	3	7	14	7	3	0	0	0	0	0	0	0	0	0
5	sniper6	0	0	0	3	28	14	7	1	0	0	0	0	0	0	0	0	0	0	0	0	0	0	3	28	14	7	1	0	0	0	0	0	0	0	0
5	sniper7	0	0	0	0	14	28	14	3	0	0	0	0	0	0	0	0	0	0	0	0	0	0	0	14	28	14	3	0	0	0	0	0	0	0	0
5	sniper8	0	0	0	0	7	14	28	7	1	0	0	0	0	0	0	0	0	0	0	0	0	0	0	7	14	28	7	1	0	0	0	0	0	0	0
5	sniper9	0	0	0	0	3	7	14	14	3	0	0	0	0	0	0	0	0	0	0	0	0	0	0	3	7	14	14	3	0	0	0	0	0	0	0
5	sniper10	0	0	0	0	0	3	7	28	7	0	0	0	0	0	0	0	0	0	0	0	0	0	0	0	3	7	28	7	0	0	0	0	0	0	0
5	sniper11	0	0	0	0	0	0	3	14	14	1	0	0	0	0	0	0	0	0	0	0	0	0	0	0	0	3	14	14	1	0	0	0	0	0	0
5	sniper12	0	0	0	0	0	0	0	7	28	3	1	0	0	0	0	0	0	0	0	0	0	0	0	0	0	0	7	28	3	1	0	0	0	0	0
5	sniper13	0	0	0	0	0	0	0	3	14	7	3	1	0	0	0	0	0	0	0	0	0	0	0	0	0	0	3	14	7	3	1	1	0	0	0
5	sniper14	0	0	0	0	0	0	0	0	7	14	7	3	1	1	0	0	0	0	0	0	0	0	0	0	0	0	0	7	14	7	3	3	1	0	0
5	sniper15	0	0	0	0	0	0	0	0	3	28	14	7	3	3	0	1	0	0	0	0	0	0	0	0	0	0	0	3	28	14	7	7	3	0	0
5	sniper16	0	0	0	0	0	0	0	0	0	14	28	14	7	7	0	0	1	0	0	0	0	0	0	0	0	0	0	0	14	28	14	14	7	0	0
5	sniper17	0	0	0	0	0	0	0	0	0	7	14	28	14	14	8	0	0	1	0	0	0	0	0	0	0	0	0	0	7	14	28	28	14	8	8
5	sniper18	0	0	0	0	0	0	0	0	0	3	7	14	29	29	17	0	0	0	1	0	0	0	0	0	0	0	0	0	3	7	14	14	29	17	17
5	sniper19	0	0	0	0	0	0	0	0	0	0	3	7	14	14	35	0	0	0	0	1	0	0	0	0	0	0	0	0	0	3	7	7	14	35	35
5	sniper20	0	0	0	0	0	0	0	0	0	0	0	3	7	7	17	0	0	0	0	0	1	0	0	0	0	0	0	0	0	0	3	3	7	17	17
5	machine0	0	0	0	0	0	0	0	0	0	0	0	0	0	0	0	0	0	0	0	0	0	0	0	0	0	0	0	0	0	0	0	0	0	0	0
5	machine1	0	0	0	0	0	0	0	0	0	0	0	0	0	0	0	0	0	0	0	0	0	0	0	0	0	0	0	0	0	0	0	0	0	0	0
5	machine2	0	0	0	0	0	0	0	0	0	0	0	0	0	0	0	0	0	0	0	0	0	0	0	0	0	0	0	0	0	0	0	0	0	0	0
5	machine3	0	0	0	0	0	0	0	0	0	0	0	0	0	0	0	0	0	0	0	0	0	0	0	0	0	0	0	0	0	0	0	0	0	0	0
5	machine4	0	0	0	0	0	0	0	0	0	0	0	0	0	0	0	0	0	0	0	0	0	0	0	0	0	0	0	0	0	0	0	0	0	0	0
5	machine5	0	0	0	0	0	0	0	0	0	0	0	0	0	0	0	0	0	0	0	0	0	0	0	0	0	0	0	0	0	0	0	0	0	0	0
5	machine6	0	0	0	0	0	0	0	0	0	0	0	0	0	0	0	0	0	0	0	0	0	0	0	0	0	0	0	0	0	0	0	0	0	0	0
5	machine7	0	0	0	0	0	0	0	0	0	0	0	0	0	0	0	0	0	0	0	0	0	0	0	0	0	0	0	0	0	0	0	0	0	0	0
5	machine8	0	0	0	0	0	0	0	0	0	0	0	0	0	0	0	0	0	0	0	0	0	0	0	0	0	0	0	0	0	0	0	0	0	0	0
5	machine9	0	0	0	0	0	0	0	0	0	0	0	0	0	0	0	0	0	0	0	0	0	0	0	0	0	0	0	0	0	0	0	0	0	0	0
5	machine10	0	0	0	0	0	0	0	0	0	0	0	0	0	0	0	0	0	0	0	0	0	0	0	0	0	0	0	0	0	0	0	0	0	0	0
5	machine11	0	0	0	0	0	0	0	0	0	0	0	0	0	0	0	0	0	0	0	0	0	0	0	0	0	0	0	0	0	0	0	0	0	0	0
5	machine12	0	0	0	0	0	0	0	0	0	0	0	0	0	0	0	0	0	0	0	0	0	0	0	0	0	0	0	0	0	0	0	0	0	0	0
5	machine13	0	0	0	0	0	0	0	0	0	0	0	0	0	0	0	0	0	0	0	0	0	0	0	0	0	0	0	0	0	0	0	0	0	0	0
5	machine14	0	0	0	0	0	0	0	0	0	0	0	0	0	0	0	0	0	0	0	0	0	0	0	0	0	0	0	0	0	0	0	0	0	0	0
5	machine15	0	0	0	0	0	0	0	0	0	0	0	0	0	0	0	1	0	0	0	0	0	0	0	0	0	0	0	0	0	0	0	0	0	0	0
5	machine16	0	0	0	0	0	0	0	0	0	0	0	0	0	0	0	0	1	0	0	0	0	0	0	0	0	0	0	0	0	0	0	0	0	0	0
5	machine17	0	0	0	0	0	0	0	0	0	0	0	0	0	0	0	0	0	1	0	0	0	0	0	0	0	0	0	0	0	0	0	0	0	0	0
5	machine18	0	0	0	0	0	0	0	0	0	0	0	0	0	0	0	0	0	0	1	0	0	0	0	0	0	0	0	0	0	0	0	0	0	0	0
5	machine19	0	0	0	0	0	0	0	0	0	0	0	0	0	0	0	0	0	0	0	1	0	0	0	0	0	0	0	0	0	0	0	0	0	0	0
5	machine20	0	0	0	0	0	0	0	0	0	0	0	0	0	0	0	0	0	0	0	0	1	0	0	0	0	0	0	0	0	0	0	0	0	0	0
5	special_slash0	0	0	0	0	0	0	0	0	0	0	0	0	0	0	0	0	0	0	0	0	0	0	0	64	0	0	0	0	0	0	0	0	0	0	0
5	special_slash1	0	0	0	0	0	0	0	0	0	0	0	0	0	0	0	0	0	0	0	0	0	0	0	0	0	0	64	0	0	0	0	0	0	0	0
5	special_slash2	0	0	0	0	0	0	0	0	0	0	0	0	0	0	0	0	0	0	0	0	0	0	0	0	0	0	64	0	0	0	0	0	0	0	0
5	special_slash3	0	0	0	0	0	0	0	0	0	0	0	0	0	0	0	0	0	0	0	0	0	0	0	0	0	0	0	0	0	64	0	0	0	0	0
5	special_slash4	0	0	0	0	0	0	0	0	0	0	0	0	0	0	0	0	0	0	0	0	0	0	0	0	0	0	0	64	0	0	0	0	0	0	0
5	special_slash5	0	0	0	0	0	0	0	0	0	0	0	0	0	0	0	0	0	0	0	0	0	0	0	0	0	0	0	64	0	0	0	0	0	0	0
5	special_slash6	0	0	0	0	0	0	0	0	0	0	0	0	0	0	0	0	0	0	0	0	0	0	0	0	0	0	0	64	0	0	0	0	0	0	0
5	special_slash7	0	0	0	0	0	0	0	0	0	0	0	0	0	0	0	0	0	0	0	0	0	0	0	0	0	0	0	0	0	0	128	0	0	0	0
5	special_slash8	0	0	0	0	0	0	0	0	0	0	0	0	0	0	0	0	0	0	0	0	0	0	0	0	0	0	0	0	0	0	0	0	134	0	0
5	special_blunt0	0	0	0	0	0	0	0	0	0	0	0	0	0	0	0	0	0	0	0	0	0	0	65	0	0	0	0	0	0	0	0	0	0	0	0
5	special_blunt1	0	0	0	0	0	0	0	0	0	0	0	0	0	0	0	0	0	0	0	0	0	0	0	0	0	64	0	0	0	0	0	0	0	0	0
5	special_pistol0	0	0	0	0	0	0	0	0	0	0	0	0	0	0	0	0	0	0	0	0	0	69	0	0	0	0	0	0	0	0	0	0	0	0	0
5	special_pistol1	0	0	0	0	0	0	0	0	0	0	0	0	0	0	0	0	0	0	0	0	0	0	0	64	0	0	0	0	0	0	0	0	0	0	0
5	special_pistol2	0	0	0	0	0	0	0	0	0	0	0	0	0	0	0	0	0	0	0	0	0	0	0	0	0	0	64	0	0	0	0	0	0	0	0
5	special_pistol3	0	0	0	0	0	0	0	0	0	0	0	0	0	0	0	0	0	0	0	0	0	0	0	0	0	0	0	0	64	0	0	0	0	0	0
5	special_pistol4	0	0	0	0	0	0	0	0	0	0	0	0	0	0	0	0	0	0	0	0	0	0	0	0	0	0	0	0	0	0	128	0	0	0	0
5	special_pistol5	0	0	0	0	0	0	0	0	0	0	0	0	0	0	0	0	0	0	0	0	0	0	0	0	0	0	64	0	0	0	0	0	0	0	0
5	special_shotgun0	0	0	0	0	0	0	0	0	0	0	0	0	0	0	0	0	0	0	0	0	0	0	0	0	0	0	0	64	0	0	0	0	0	0	0
5	special_shotgun1	0	0	0	0	0	0	0	0	0	0	0	0	0	0	0	0	0	0	0	0	0	0	0	0	0	0	0	0	0	64	0	0	0	0	0
5	special_shotgun2	0	0	0	0	0	0	0	0	0	0	0	0	0	0	0	0	0	0	0	0	0	0	0	0	0	0	0	0	64	0	0	0	0	0	0
5	special_rifle0	0	0	0	0	0	0	0	0	0	0	0	0	0	0	0	0	0	0	0	0	0	0	0	0	0	0	0	64	0	0	0	0	0	0	0
5	special_rifle1	0	0	0	0	0	0	0	0	0	0	0	0	0	0	0	0	0	0	0	0	0	0	0	0	0	0	0	0	64	0	0	0	0	0	0
5	special_rifle2	0	0	0	0	0	0	0	0	0	0	0	0	0	0	0	0	0	0	0	0	0	0	0	0	0	0	0	0	0	64	0	0	0	0	0
5	special_rifle3	0	0	0	0	0	0	0	0	0	0	0	0	0	0	0	0	0	0	0	0	0	0	0	0	0	0	0	0	0	64	0	0	0	0	0
5	special_rifle4	0	0	0	0	0	0	0	0	0	0	0	0	0	0	0	0	0	0	0	0	0	0	0	0	0	0	0	0	0	0	0	0	134	0	0
5	special_rifle5	0	0	0	0	0	0	0	0	0	0	0	0	0	0	0	0	0	0	0	0	0	0	0	0	0	0	0	0	0	0	0	0	0	0	160
5	special_sniper0	0	0	0	0	0	0	0	0	0	0	0	0	0	0	0	0	0	0	0	0	0	0	0	0	64	0	0	0	0	0	0	0	0	0	0
5	special_sniper1	0	0	0	0	0	0	0	0	0	0	0	0	0	0	0	0	0	0	0	0	0	0	0	0	0	0	0	0	0	0	128	0	0	0	0
5	special_sniper2	0	0	0	0	0	0	0	0	0	0	0	0	0	0	0	0	0	0	0	0	0	0	0	0	0	0	0	0	0	0	0	0	0	0	160
5	special_machine0	0	0	0	0	0	0	0	0	0	0	0	0	0	0	0	0	0	0	0	0	0	0	0	0	0	0	0	64	0	0	0	0	0	0	0
5	special_machine1	0	0	0	0	0	0	0	0	0	0	0	0	0	0	0	0	0	0	0	0	0	0	0	0	0	0	0	0	0	0	128	0	0	0	0
5	special_machine2	0	0	0	0	0	0	0	0	0	0	0	0	0	0	0	0	0	0	0	0	0	0	0	0	0	0	0	0	0	0	0	0	0	0	160
6	shirt0	0	0	0	0	0	0	0	0	0	0	0	0	0	0	0	0	0	0	0	0	0	0	0	0	0	0	0	0	0	0	0	0	0	0	0
6	shirt1	0	0	0	0	0	0	0	0	0	0	0	0	0	0	0	0	0	0	0	0	0	0	0	0	0	0	0	0	0	0	0	0	0	0	0
6	shirt2	0	0	0	0	0	0	0	0	0	0	0	0	0	0	0	0	0	0	0	0	0	0	0	0	0	0	0	0	0	0	0	0	0	0	0
6	shirt3	0	0	0	0	0	0	0	0	0	0	0	0	0	0	0	0	0	0	0	0	0	0	0	0	0	0	0	0	0	0	0	0	0	0	0
6	shirt4	0	0	0	0	0	0	0	0	0	0	0	0	0	0	0	0	0	0	0	0	0	0	0	0	0	0	0	0	0	0	0	0	0	0	0
6	shirt5	0	0	0	0	0	0	0	0	0	0	0	0	0	0	0	0	0	0	0	0	0	0	0	0	0	0	0	0	0	0	0	0	0	0	0
6	shirt6	0	0	0	0	0	0	0	0	0	0	0	0	0	0	0	0	0	0	0	0	0	0	0	0	0	0	0	0	0	0	0	0	0	0	0
6	shirt7	0	0	0	0	0	0	0	0	0	0	0	0	0	0	0	0	0	0	0	0	0	0	0	0	0	0	0	0	0	0	0	0	0	0	0
6	shirt8	0	0	0	0	0	0	0	0	0	0	0	0	0	0	0	0	0	0	0	0	0	0	0	0	0	0	0	0	0	0	0	0	0	0	0
6	shirt9	0	0	0	0	0	0	0	0	0	0	0	0	0	0	0	0	0	0	0	0	0	0	0	0	0	0	0	0	0	0	0	0	0	0	0
6	shirt10	0	0	0	0	0	0	0	0	0	0	0	0	0	0	0	0	0	0	0	0	0	0	0	0	0	0	0	0	0	0	0	0	0	0	0
6	shirt11	0	0	0	0	0	0	0	0	0	0	0	0	0	0	0	0	0	0	0	0	0	0	0	0	0	0	0	0	0	0	0	0	0	0	0
6	shirt12	0	0	0	0	0	0	0	0	0	0	0	0	0	0	0	0	0	0	0	0	0	0	0	0	0	0	0	0	0	0	0	0	0	0	0
6	shirt13	0	0	0	0	0	0	0	0	0	0	0	0	0	0	0	0	0	0	0	0	0	0	0	0	0	0	0	0	0	0	0	0	0	0	0
6	shirt14	0	0	0	0	0	0	0	0	0	0	0	0	0	0	0	0	0	0	0	0	0	0	0	0	0	0	0	0	0	0	0	0	0	0	0
6	shirt15	0	0	0	0	0	0	0	0	0	0	0	0	0	0	0	1	0	0	0	0	0	0	0	0	0	0	0	0	0	0	0	0	0	0	0
6	shirt16	0	0	0	0	0	0	0	0	0	0	0	0	0	0	0	0	1	0	0	0	0	0	0	0	0	0	0	0	0	0	0	0	0	0	0
6	shirt17	0	0	0	0	0	0	0	0	0	0	0	0	0	0	0	0	0	1	0	0	0	0	0	0	0	0	0	0	0	0	0	0	0	0	0
6	shirt18	0	0	0	0	0	0	0	0	0	0	0	0	0	0	0	0	0	0	1	0	0	0	0	0	0	0	0	0	0	0	0	0	0	0	0
6	shirt19	0	0	0	0	0	0	0	0	0	0	0	0	0	0	0	0	0	0	0	1	0	0	0	0	0	0	0	0	0	0	0	0	0	0	0
6	shirt20	0	0	0	0	0	0	0	0	0	0	0	0	0	0	0	0	0	0	0	0	1	0	0	0	0	0	0	0	0	0	0	0	0	0	0
6	chain0	200	66	28	0	0	0	0	0	0	0	0	0	0	0	0	0	0	0	0	0	0	0	0	0	0	0	0	0	0	0	0	0	0	0	0
6	chain1	0	133	57	0	0	0	0	0	0	0	0	0	0	0	0	0	0	0	0	0	0	0	0	0	0	0	0	0	0	0	0	0	0	0	0
6	chain2	0	0	114	28	0	0	0	0	0	0	0	0	0	0	0	0	0	0	0	0	0	0	0	0	0	0	0	0	0	0	0	0	0	0	0
6	chain3	0	0	0	57	0	0	0	0	0	0	0	0	0	0	0	0	0	0	0	0	0	0	0	0	0	0	0	0	0	0	0	0	0	0	0
6	chain4	0	0	0	114	28	0	0	0	0	0	0	0	0	0	0	0	0	0	0	0	0	0	0	0	0	0	0	0	0	0	0	0	0	0	0
6	chain5	0	0	0	0	57	0	0	0	0	0	0	0	0	0	0	0	0	0	0	0	0	0	0	0	0	0	0	0	0	0	0	0	0	0	0
6	chain6	0	0	0	0	114	28	0	0	0	0	0	0	0	0	0	0	0	0	0	0	0	0	0	0	0	0	0	0	0	0	0	0	0	0	0
6	chain7	0	0	0	0	0	57	0	0	0	0	0	0	0	0	0	0	0	0	0	0	0	0	0	0	0	0	0	0	0	0	0	0	0	0	0
6	chain8	0	0	0	0	0	114	28	0	0	0	0	0	0	0	0	0	0	0	0	0	0	0	0	0	0	0	0	0	0	0	0	0	0	0	0
6	chain9	0	0	0	0	0	0	57	0	0	0	0	0	0	0	0	0	0	0	0	0	0	0	0	0	0	0	0	0	0	0	0	0	0	0	0
6	chain10	0	0	0	0	0	0	114	0	0	0	0	0	0	0	0	0	0	0	0	0	0	0	0	0	0	0	0	0	0	0	0	0	0	0	0
6	chain11	0	0	0	0	0	0	0	28	0	0	0	0	0	0	0	0	0	0	0	0	0	0	0	0	0	0	0	0	0	0	0	0	0	0	0
6	chain12	0	0	0	0	0	0	0	57	0	0	0	0	0	0	0	0	0	0	0	0	0	0	0	0	0	0	0	0	0	0	0	0	0	0	0
6	chain13	0	0	0	0	0	0	0	114	0	0	0	0	0	0	0	0	0	0	0	0	0	0	0	0	0	0	0	0	0	0	0	0	0	0	0
6	chain14	0	0	0	0	0	0	0	0	18	0	0	0	0	0	0	0	0	0	0	0	0	0	0	0	0	0	0	0	0	0	0	0	0	0	0
6	chain15	0	0	0	0	0	0	0	0	36	0	0	0	0	0	0	1	0	0	0	0	0	0	0	0	0	0	0	0	0	0	0	0	0	0	0
6	chain16	0	0	0	0	0	0	0	0	72	28	0	0	0	0	0	0	1	0	0	0	0	0	0	0	0	0	0	0	0	0	0	0	0	0	0
6	chain17	0	0	0	0	0	0	0	0	72	57	28	28	28	0	0	0	0	1	0	0	0	0	0	0	0	0	0	0	0	0	0	0	0	0	0
6	chain18	0	0	0	0	0	0	0	0	0	114	57	57	57	28	0	0	0	0	1	0	0	0	0	0	0	0	0	0	0	0	0	0	0	0	0
6	chain19	0	0	0	0	0	0	0	0	0	0	114	114	114	57	66	0	0	0	0	1	0	0	0	0	0	0	0	0	0	0	0	0	0	0	0
6	chain20	0	0	0	0	0	0	0	0	0	0	0	0	0	114	133	0	0	0	0	0	1	0	0	0	0	0	0	0	0	0	0	0	0	0	0
6	plate0	400	133	57	0	0	0	0	0	0	0	0	0	0	0	0	0	0	0	0	0	0	0	0	0	0	0	0	0	0	0	0	0	0	0	0
6	plate1	0	266	114	0	0	0	0	0	0	0	0	0	0	0	0	0	0	0	0	0	0	0	0	0	0	0	0	0	0	0	0	0	0	0	0
6	plate2	0	0	228	57	0	0	0	0	0	0	0	0	0	0	0	0	0	0	0	0	0	0	0	0	0	0	0	0	0	0	0	0	0	0	0
6	plate3	0	0	0	114	0	0	0	0	0	0	0	0	0	0	0	0	0	0	0	0	0	0	0	0	0	0	0	0	0	0	0	0	0	0	0
6	plate4	0	0	0	228	57	0	0	0	0	0	0	0	0	0	0	0	0	0	0	0	0	0	0	0	0	0	0	0	0	0	0	0	0	0	0
6	plate5	0	0	0	0	114	0	0	0	0	0	0	0	0	0	0	0	0	0	0	0	0	0	0	0	0	0	0	0	0	0	0	0	0	0	0
6	plate6	0	0	0	0	228	57	0	0	0	0	0	0	0	0	0	0	0	0	0	0	0	0	0	0	0	0	0	0	0	0	0	0	0	0	0
6	plate7	0	0	0	0	0	114	0	0	0	0	0	0	0	0	0	0	0	0	0	0	0	0	0	0	0	0	0	0	0	0	0	0	0	0	0
6	plate8	0	0	0	0	0	228	57	0	0	0	0	0	0	0	0	0	0	0	0	0	0	0	0	0	0	0	0	0	0	0	0	0	0	0	0
6	plate9	0	0	0	0	0	0	114	0	0	0	0	0	0	0	0	0	0	0	0	0	0	0	0	0	0	0	0	0	0	0	0	0	0	0	0
6	plate10	0	0	0	0	0	0	228	0	0	0	0	0	0	0	0	0	0	0	0	0	0	0	0	0	0	0	0	0	0	0	0	0	0	0	0
6	plate11	0	0	0	0	0	0	0	57	0	0	0	0	0	0	0	0	0	0	0	0	0	0	0	0	0	0	0	0	0	0	0	0	0	0	0
6	plate12	0	0	0	0	0	0	0	114	0	0	0	0	0	0	0	0	0	0	0	0	0	0	0	0	0	0	0	0	0	0	0	0	0	0	0
6	plate13	0	0	0	0	0	0	0	228	0	0	0	0	0	0	0	0	0	0	0	0	0	0	0	0	0	0	0	0	0	0	0	0	0	0	0
6	plate14	0	0	0	0	0	0	0	0	36	0	0	0	0	0	0	0	0	0	0	0	0	0	0	0	0	0	0	0	0	0	0	0	0	0	0
6	plate15	0	0	0	0	0	0	0	0	72	0	0	0	0	0	0	1	0	0	0	0	0	0	0	0	0	0	0	0	0	0	0	0	0	0	0
6	plate16	0	0	0	0	0	0	0	0	145	57	0	0	0	0	0	0	1	0	0	0	0	0	0	0	0	0	0	0	0	0	0	0	0	0	0
6	plate17	0	0	0	0	0	0	0	0	145	114	57	57	57	0	0	0	0	1	0	0	0	0	0	0	0	0	0	0	0	0	0	0	0	0	0
6	plate18	0	0	0	0	0	0	0	0	0	228	114	114	114	57	0	0	0	0	1	0	0	0	0	0	0	0	0	0	0	0	0	0	0	0	0
6	plate19	0	0	0	0	0	0	0	0	0	0	228	228	228	114	133	0	0	0	0	1	0	0	0	0	0	0	0	0	0	0	0	0	0	0	0
6	plate20	0	0	0	0	0	0	0	0	0	0	0	0	0	228	266	0	0	0	0	0	1	0	0	0	0	0	0	0	0	0	0	0	0	0	0
